instance,n,variant,maxtime,runs,ofv_best,ofv_mean,ofv_std,time_best_mean,time_total_mean
../Instances/KP/00Uncorrelated/n00050/kp009.txt,50,original,1,3,-183147.0,-183147.0,0.0,0.185,1.001
../Instances/KP/00Uncorrelated/n00050/kp009.txt,50,cuts,1,3,-178229.0,-171358.0,9940.291092317166,0.545,1.253
../Instances/KP/00Uncorrelated/n00100/kp021.txt,100,original,1,3,-423448.0,-423448.0,0.0,0.459,1.003
../Instances/KP/00Uncorrelated/n00100/kp021.txt,100,cuts,1,3,-411833.0,-398816.3333333333,13147.393822858328,1.498,1.499
../Instances/KP/00Uncorrelated/n00200/kp087.txt,200,original,1,3,-765211.0,-765035.3333333334,154.25411933991694,0.457,1.011
../Instances/KP/00Uncorrelated/n00200/kp087.txt,200,cuts,1,3,-731139.0,-644040.3333333334,86676.13573143033,1.401,1.403
../Instances/KP/00Uncorrelated/n00500/kp035.txt,500,original,1,3,-1962279.0,-1958417.6666666667,5397.6467403242805,0.975,1.007
../Instances/KP/00Uncorrelated/n00500/kp035.txt,500,cuts,1,3,-1799947.0,-1572096.3333333333,241059.6977541732,1.116,1.431
../Instances/KP/00Uncorrelated/n01000/kp005.txt,1000,original,1,3,-3976254.0,-3955800.3333333335,29538.83955630846,1.004,1.004
../Instances/KP/00Uncorrelated/n01000/kp005.txt,1000,cuts,1,3,-2762078.0,-2631587.0,113562.80840574524,0.978,1.779
../Instances/KP/00Uncorrelated/n02000/kp001.txt,2000,original,1,3,-7620607.0,-7409121.333333333,320109.4410296787,1.001,1.208
../Instances/KP/00Uncorrelated/n02000/kp001.txt,2000,cuts,1,3,-6038413.0,-5535739.0,436872.27622269647,1.241,2.153
../Instances/KP/00Uncorrelated/n05000/kp072.txt,5000,original,1,3,-18312184.0,-16808734.0,2415913.6735612056,1.001,4.285
../Instances/KP/00Uncorrelated/n05000/kp072.txt,5000,cuts,1,3,-13615013.0,-13200297.666666666,359465.86301947135,1.091,5.091
